<?xml version="1.0" encoding="UTF-8"?>
<beans xmlns:xsi="http://www.w3.org/2001/XMLSchema-instance"
       xmlns:dubbo="http://code.alibabatech.com/schema/dubbo"
       xmlns="http://www.springframework.org/schema/beans"
       xsi:schemaLocation="http://www.springframework.org/schema/beans http://www.springframework.org/schema/beans/spring-beans.xsd

		http://code.alibabatech.com/schema/dubbo http://code.alibabatech.com/schema/dubbo/dubbo.xsd">

    <bean class="org.springframework.beans.factory.config.PropertyPlaceholderConfigurer">
        <property name="systemPropertiesModeName" value="SYSTEM_PROPERTIES_MODE_OVERRIDE"/>
        <property name="ignoreResourceNotFound" value="true"/>
        <property name="locations">
            <list>
                <value>/WEB-INF/dubbo.properties</value>
                <value>file://${user.home}/dubbo.properties</value>
            </list>
        </property>
    </bean>

    <dubbo:application name="dubbo-admin"/>

    <dubbo:registry address="${dubbo.registry.address}" check="false" file="false"/>

    <dubbo:reference id="registryService" interface="com.alibaba.dubbo.registry.RegistryService" check="false"/>

    <bean id="configService" class="com.alibaba.dubbo.governance.service.impl.ConfigServiceImpl"/>

    <bean id="consumerService" class="com.alibaba.dubbo.governance.service.impl.ConsumerServiceImpl"/>

    <bean id="overrideService" class="com.alibaba.dubbo.governance.service.impl.OverrideServiceImpl"/>

    <bean id="ownerService" class="com.alibaba.dubbo.governance.service.impl.OwnerServiceImpl"/>

    <bean id="providerService" class="com.alibaba.dubbo.governance.service.impl.ProviderServiceImpl"/>

    <bean id="routeService" class="com.alibaba.dubbo.governance.service.impl.RouteServiceImpl"/>

    <bean id="userService" class="com.alibaba.dubbo.governance.service.impl.UserServiceImpl">
        <property name="rootPassword" value="${dubbo.admin.root.password}"/>
        <property name="guestPassword" value="${dubbo.admin.guest.password}"/>
    </bean>

    <bean id="governanceCache" class="com.alibaba.dubbo.governance.sync.RegistryServerSync"/>

</beans>