<?xml version="1.0" encoding="UTF-8" ?>
<!DOCTYPE log4j:configuration SYSTEM "log4j.dtd">
<log4j:configuration xmlns:log4j="http://jakarta.apache.org/log4j/">
    <appender name="STDOUT" class="org.apache.log4j.ConsoleAppender">
        <param name="target" value="System.out"/>
        <param name="encoding" value="GBK"/>
        <layout class="org.apache.log4j.PatternLayout">
            <param name="ConversionPattern" value="%5p %c{2} - %m%n"/>
        </layout>
    </appender>
    <appender name="FILE" class="org.apache.log4j.RollingFileAppender">
        <param name="file" value="dubbo-governance.log"/>
        <param name="append" value="true"/>
        <param name="maxFileSize" value="10MB"/>
        <param name="maxBackupIndex" value="100"/>
        <layout class="org.apache.log4j.PatternLayout">
            <param name="ConversionPattern" value="%d [%t] %-5p %C{6} (%F:%L) - %m%n"/>
        </layout>
    </appender>

    <logger name="org.apache">
        <level value="ERROR"/>
    </logger>
    <root>
        <level value="INFO"/>
        <appender-ref ref="STDOUT"/>
        <appender-ref ref="FILE"/>
    </root>
</log4j:configuration>